event,time,magnitude,e_magnitude,upperlimit,band,instrument,telescope,source
SN2006jc,54010.5,13.8,,F,,,,"2006IAUC.8762....2Y,Latest Supernovae"
SN2006jc,54020.496,14.220,0.020,F,V,,CfA3_KEP,2014ApJS..213...19B
SN2006jc,54020.497,14.080,0.030,F,B,,CfA3_KEP,2014ApJS..213...19B
SN2006jc,54020.500,14.220,0.020,F,V,,CfA3_KEP,2014ApJS..213...19B
SN2006jc,54020.502,14.070,0.030,F,B,,CfA3_KEP,2014ApJS..213...19B
SN2006jc,54021.495,13.983,0.031,F,H,,PAIRITEL,2014ApJS..213...19B
SN2006jc,54021.495,14.163,0.016,F,J,,PAIRITEL,2014ApJS..213...19B
SN2006jc,54021.495,13.762,0.020,F,Ks,,PAIRITEL,2014ApJS..213...19B
SN2006jc,54021.501,14.370,0.020,F,i',,CfA3_KEP,2014ApJS..213...19B
SN2006jc,54021.502,14.360,0.020,F,r',,CfA3_KEP,2014ApJS..213...19B
SN2006jc,54021.503,14.300,0.020,F,V,,CfA3_KEP,2014ApJS..213...19B
SN2006jc,54021.505,14.110,0.030,F,B,,CfA3_KEP,2014ApJS..213...19B
SN2006jc,54021.5073,13.230,0.020,F,U,,CfA3_KEP,2014ApJS..213...19B
SN2006jc,54021.7178,13.342,0.041,F,UVW2,UVOT,Swift,2014Ap&SS.354...89B
SN2006jc,54021.7221,14.368,0.050,F,V,UVOT,Swift,2014Ap&SS.354...89B
SN2006jc,54021.7254,13.154,0.042,F,UVM2,UVOT,Swift,2014Ap&SS.354...89B
SN2006jc,54021.7425,12.989,0.040,F,UVW1,UVOT,Swift,2014Ap&SS.354...89B
SN2006jc,54021.7451,13.016,0.040,F,U,UVOT,Swift,2014Ap&SS.354...89B
SN2006jc,54021.7464,14.186,0.041,F,B,UVOT,Swift,2014Ap&SS.354...89B
SN2006jc,54024.473,14.610,0.030,F,i',,CfA3_KEP,2014ApJS..213...19B
SN2006jc,54024.475,14.610,0.020,F,r',,CfA3_KEP,2014ApJS..213...19B
SN2006jc,54024.476,14.510,0.020,F,V,,CfA3_KEP,2014ApJS..213...19B
SN2006jc,54024.478,14.270,0.030,F,B,,CfA3_KEP,2014ApJS..213...19B
SN2006jc,54024.4799,13.440,0.010,F,U,,CfA3_KEP,2014ApJS..213...19B
SN2006jc,54024.4829,13.450,0.020,F,U,,CfA3_KEP,2014ApJS..213...19B
SN2006jc,54025.0561,13.311,0.042,F,UVW1,UVOT,Swift,2014Ap&SS.354...89B
SN2006jc,54025.0576,13.248,0.041,F,U,UVOT,Swift,2014Ap&SS.354...89B
SN2006jc,54025.0586,14.392,0.043,F,B,UVOT,Swift,2014Ap&SS.354...89B
SN2006jc,54025.0611,13.807,0.043,F,UVW2,UVOT,Swift,2014Ap&SS.354...89B
SN2006jc,54025.0635,14.587,0.054,F,V,UVOT,Swift,2014Ap&SS.354...89B
SN2006jc,54025.0654,13.597,0.047,F,UVM2,UVOT,Swift,2014Ap&SS.354...89B
SN2006jc,54025.428,14.690,0.020,F,i',,CfA3_KEP,2014ApJS..213...19B
SN2006jc,54025.429,14.710,0.010,F,r',,CfA3_KEP,2014ApJS..213...19B
SN2006jc,54025.431,14.590,0.010,F,V,,CfA3_KEP,2014ApJS..213...19B
SN2006jc,54025.432,14.350,0.030,F,B,,CfA3_KEP,2014ApJS..213...19B
SN2006jc,54026.4,14.69,0.01,F,R,,,2011ApJ...741...97D
SN2006jc,54026.4,14.74,0.01,F,V,,,2011ApJ...741...97D
SN2006jc,54027.1635,13.496,0.043,F,UVW1,UVOT,Swift,2014Ap&SS.354...89B
SN2006jc,54027.1659,13.391,0.041,F,U,UVOT,Swift,2014Ap&SS.354...89B
SN2006jc,54027.1675,14.505,0.043,F,B,UVOT,Swift,2014Ap&SS.354...89B
SN2006jc,54027.1714,14.082,0.046,F,UVW2,UVOT,Swift,2014Ap&SS.354...89B
SN2006jc,54027.1754,14.820,0.060,F,V,UVOT,Swift,2014Ap&SS.354...89B
SN2006jc,54027.1784,13.838,0.050,F,UVM2,UVOT,Swift,2014Ap&SS.354...89B
SN2006jc,54027.4,14.79,0.01,F,R,,,2011ApJ...741...97D
SN2006jc,54027.4,14.79,0.01,F,V,,,2011ApJ...741...97D
SN2006jc,54028.464,14.454,0.043,F,H,,PAIRITEL,2014ApJS..213...19B
SN2006jc,54028.464,14.602,0.019,F,J,,PAIRITEL,2014ApJS..213...19B
SN2006jc,54028.464,14.247,0.028,F,Ks,,PAIRITEL,2014ApJS..213...19B
SN2006jc,54028.4663,13.708,0.046,F,UVW1,UVOT,Swift,2014Ap&SS.354...89B
SN2006jc,54028.5058,13.780,0.020,F,U,,CfA3_KEP,2014ApJS..213...19B
SN2006jc,54028.5088,13.770,0.010,F,U,,CfA3_KEP,2014ApJS..213...19B
SN2006jc,54029.1127,13.763,0.044,F,UVW1,UVOT,Swift,2014Ap&SS.354...89B
SN2006jc,54029.1142,13.595,0.041,F,U,UVOT,Swift,2014Ap&SS.354...89B
SN2006jc,54029.1152,14.697,0.044,F,B,UVOT,Swift,2014Ap&SS.354...89B
SN2006jc,54029.1177,14.349,0.047,F,UVW2,UVOT,Swift,2014Ap&SS.354...89B
SN2006jc,54029.1201,15.136,0.059,F,V,UVOT,Swift,2014Ap&SS.354...89B
SN2006jc,54029.1220,14.086,0.052,F,UVM2,UVOT,Swift,2014Ap&SS.354...89B
SN2006jc,54029.4,15.0,0.01,F,R,,,2011ApJ...741...97D
SN2006jc,54029.4,14.96,0.01,F,V,,,2011ApJ...741...97D
SN2006jc,54029.492,14.970,0.020,F,V,,CfA3_KEP,2014ApJS..213...19B
SN2006jc,54029.495,14.690,0.030,F,B,,CfA3_KEP,2014ApJS..213...19B
SN2006jc,54029.522,14.552,0.023,F,H,,PAIRITEL,2014ApJS..213...19B
SN2006jc,54029.522,14.704,0.016,F,J,,PAIRITEL,2014ApJS..213...19B
SN2006jc,54029.522,14.342,0.025,F,Ks,,PAIRITEL,2014ApJS..213...19B
SN2006jc,54030.4,15.13,0.01,F,R,,,2011ApJ...741...97D
SN2006jc,54030.4,15.06,0.01,F,V,,,2011ApJ...741...97D
SN2006jc,54031.3559,14.670,0.063,F,UVW2,UVOT,Swift,2014Ap&SS.354...89B
SN2006jc,54031.4,15.27,0.0,F,R,,,2011ApJ...741...97D
SN2006jc,54031.4,15.17,0.01,F,V,,,2011ApJ...741...97D
SN2006jc,54031.474,14.773,0.041,F,H,,PAIRITEL,2014ApJS..213...19B
SN2006jc,54031.474,14.850,0.013,F,J,,PAIRITEL,2014ApJS..213...19B
SN2006jc,54031.474,14.503,0.024,F,Ks,,PAIRITEL,2014ApJS..213...19B
SN2006jc,54031.497,15.350,0.020,F,i',,CfA3_KEP,2014ApJS..213...19B
SN2006jc,54031.498,15.400,0.020,F,r',,CfA3_KEP,2014ApJS..213...19B
SN2006jc,54031.500,15.170,0.020,F,V,,CfA3_KEP,2014ApJS..213...19B
SN2006jc,54031.501,14.890,0.030,F,B,,CfA3_KEP,2014ApJS..213...19B
SN2006jc,54031.5037,14.080,0.020,F,U,,CfA3_KEP,2014ApJS..213...19B
SN2006jc,54031.5066,14.100,0.020,F,U,,CfA3_KEP,2014ApJS..213...19B
SN2006jc,54033.0538,14.186,0.049,F,UVW1,UVOT,Swift,2014Ap&SS.354...89B
SN2006jc,54033.0563,13.994,0.043,F,U,UVOT,Swift,2014Ap&SS.354...89B
SN2006jc,54033.0580,15.046,0.047,F,B,UVOT,Swift,2014Ap&SS.354...89B
SN2006jc,54033.0621,14.805,0.055,F,UVW2,UVOT,Swift,2014Ap&SS.354...89B
SN2006jc,54033.0662,15.402,0.064,F,V,UVOT,Swift,2014Ap&SS.354...89B
SN2006jc,54033.0673,14.729,0.094,F,UVM2,UVOT,Swift,2014Ap&SS.354...89B
SN2006jc,54033.4,15.47,0.01,F,R,,,2011ApJ...741...97D
SN2006jc,54033.4,15.35,0.01,F,V,,,2011ApJ...741...97D
SN2006jc,54034.4,15.57,0.01,F,R,,,2011ApJ...741...97D
SN2006jc,54034.4,15.49,0.02,F,V,,,2011ApJ...741...97D
SN2006jc,54035.4,15.73,0.05,F,R,,,2011ApJ...741...97D
SN2006jc,54035.4,15.52,0.04,F,V,,,2011ApJ...741...97D
SN2006jc,54035.461,15.090,0.021,F,H,,PAIRITEL,2014ApJS..213...19B
SN2006jc,54035.461,15.235,0.018,F,J,,PAIRITEL,2014ApJS..213...19B
SN2006jc,54035.461,14.856,0.039,F,Ks,,PAIRITEL,2014ApJS..213...19B
SN2006jc,54036.0577,14.577,0.063,F,UVW1,UVOT,Swift,2014Ap&SS.354...89B
SN2006jc,54036.0586,14.299,0.048,F,U,UVOT,Swift,2014Ap&SS.354...89B
SN2006jc,54036.0592,15.332,0.053,F,B,UVOT,Swift,2014Ap&SS.354...89B
SN2006jc,54036.0606,15.286,0.083,F,UVW2,UVOT,Swift,2014Ap&SS.354...89B
SN2006jc,54036.4,15.76,0.01,F,R,,,2011ApJ...741...97D
SN2006jc,54036.4,15.63,0.01,F,V,,,2011ApJ...741...97D
SN2006jc,54036.512,15.870,0.020,F,i',,CfA3_KEP,2014ApJS..213...19B
SN2006jc,54036.513,15.920,0.020,F,r',,CfA3_KEP,2014ApJS..213...19B
SN2006jc,54036.514,15.640,0.020,F,V,,CfA3_KEP,2014ApJS..213...19B
SN2006jc,54036.516,15.350,0.030,F,B,,CfA3_KEP,2014ApJS..213...19B
SN2006jc,54038.492,16.110,0.020,F,i',,CfA3_KEP,2014ApJS..213...19B
SN2006jc,54038.493,16.100,0.020,F,r',,CfA3_KEP,2014ApJS..213...19B
SN2006jc,54038.495,15.780,0.020,F,V,,CfA3_KEP,2014ApJS..213...19B
SN2006jc,54038.496,15.530,0.030,F,B,,CfA3_KEP,2014ApJS..213...19B
SN2006jc,54038.4992,14.760,0.020,F,U,,CfA3_KEP,2014ApJS..213...19B
SN2006jc,54039.4,16.03,0.02,F,R,,,2011ApJ...741...97D
SN2006jc,54039.4,15.9,0.01,F,V,,,2011ApJ...741...97D
SN2006jc,54039.498,16.170,0.030,F,i',,CfA3_KEP,2014ApJS..213...19B
SN2006jc,54039.500,15.860,0.020,F,V,,CfA3_KEP,2014ApJS..213...19B
SN2006jc,54039.502,15.610,0.030,F,B,,CfA3_KEP,2014ApJS..213...19B
SN2006jc,54040.2413,15.103,0.066,F,UVW1,UVOT,Swift,2014Ap&SS.354...89B
SN2006jc,54040.2418,14.694,0.048,F,U,UVOT,Swift,2014Ap&SS.354...89B
SN2006jc,54040.2421,15.691,0.054,F,B,UVOT,Swift,2014Ap&SS.354...89B
SN2006jc,54040.2429,15.668,0.079,F,UVW2,UVOT,Swift,2014Ap&SS.354...89B
SN2006jc,54040.2436,16.046,0.071,F,V,UVOT,Swift,2014Ap&SS.354...89B
SN2006jc,54040.2442,15.489,0.073,F,UVM2,UVOT,Swift,2014Ap&SS.354...89B
SN2006jc,54040.4,16.1,0.01,F,R,,,2011ApJ...741...97D
SN2006jc,54040.4,15.93,0.01,F,V,,,2011ApJ...741...97D
SN2006jc,54040.429,15.650,0.039,F,H,,PAIRITEL,2014ApJS..213...19B
SN2006jc,54040.429,15.652,0.024,F,J,,PAIRITEL,2014ApJS..213...19B
SN2006jc,54040.429,15.126,0.043,F,Ks,,PAIRITEL,2014ApJS..213...19B
SN2006jc,54040.513,16.280,0.030,F,i',,CfA3_KEP,2014ApJS..213...19B
SN2006jc,54040.514,16.270,0.020,F,r',,CfA3_KEP,2014ApJS..213...19B
SN2006jc,54040.515,15.960,0.020,F,V,,CfA3_KEP,2014ApJS..213...19B
SN2006jc,54040.517,15.730,0.030,F,B,,CfA3_KEP,2014ApJS..213...19B
SN2006jc,54040.5200,14.960,0.020,F,U,,CfA3_KEP,2014ApJS..213...19B
SN2006jc,54041.437,15.682,0.045,F,H,,PAIRITEL,2014ApJS..213...19B
SN2006jc,54041.437,15.656,0.031,F,J,,PAIRITEL,2014ApJS..213...19B
SN2006jc,54041.437,14.993,0.035,F,Ks,,PAIRITEL,2014ApJS..213...19B
SN2006jc,54041.442,16.370,0.030,F,i',,CfA3_KEP,2014ApJS..213...19B
SN2006jc,54041.443,16.340,0.020,F,r',,CfA3_KEP,2014ApJS..213...19B
SN2006jc,54041.444,16.040,0.020,F,V,,CfA3_KEP,2014ApJS..213...19B
SN2006jc,54041.446,15.790,0.030,F,B,,CfA3_KEP,2014ApJS..213...19B
SN2006jc,54041.4491,15.040,0.020,F,U,,CfA3_KEP,2014ApJS..213...19B
SN2006jc,54041.5,16.18,0.01,F,R,,,2011ApJ...741...97D
SN2006jc,54041.5,16.04,0.02,F,V,,,2011ApJ...741...97D
SN2006jc,54041.508,16.420,0.040,F,i',,CfA3_KEP,2014ApJS..213...19B
SN2006jc,54041.511,16.040,0.030,F,V,,CfA3_KEP,2014ApJS..213...19B
SN2006jc,54041.512,15.790,0.030,F,B,,CfA3_KEP,2014ApJS..213...19B
SN2006jc,54041.5154,15.040,0.030,F,U,,CfA3_KEP,2014ApJS..213...19B
SN2006jc,54042.4,16.23,0.01,F,R,,,2011ApJ...741...97D
SN2006jc,54042.4,16.1,0.02,F,V,,,2011ApJ...741...97D
SN2006jc,54042.419,15.621,0.036,F,H,,PAIRITEL,2014ApJS..213...19B
SN2006jc,54042.419,15.722,0.022,F,J,,PAIRITEL,2014ApJS..213...19B
SN2006jc,54042.419,15.128,0.037,F,Ks,,PAIRITEL,2014ApJS..213...19B
SN2006jc,54043.0536,15.405,0.074,F,UVW1,UVOT,Swift,2014Ap&SS.354...89B
SN2006jc,54043.1876,15.952,0.092,F,UVW2,UVOT,Swift,2014Ap&SS.354...89B
SN2006jc,54043.4,16.3,0.01,F,R,,,2011ApJ...741...97D
SN2006jc,54043.4,16.17,0.02,F,V,,,2011ApJ...741...97D
SN2006jc,54043.442,15.837,0.058,F,H,,PAIRITEL,2014ApJS..213...19B
SN2006jc,54043.442,15.783,0.020,F,J,,PAIRITEL,2014ApJS..213...19B
SN2006jc,54043.442,15.190,0.043,F,Ks,,PAIRITEL,2014ApJS..213...19B
SN2006jc,54043.476,16.510,0.030,F,i',,CfA3_KEP,2014ApJS..213...19B
SN2006jc,54043.477,16.490,0.020,F,r',,CfA3_KEP,2014ApJS..213...19B
SN2006jc,54043.478,16.180,0.020,F,V,,CfA3_KEP,2014ApJS..213...19B
SN2006jc,54043.480,15.910,0.030,F,B,,CfA3_KEP,2014ApJS..213...19B
SN2006jc,54043.4829,15.200,0.020,F,U,,CfA3_KEP,2014ApJS..213...19B
SN2006jc,54044.3262,15.338,0.071,F,UVW1,UVOT,Swift,2014Ap&SS.354...89B
SN2006jc,54044.3270,15.029,0.055,F,U,UVOT,Swift,2014Ap&SS.354...89B
SN2006jc,54044.3277,16.087,0.065,F,B,UVOT,Swift,2014Ap&SS.354...89B
SN2006jc,54044.3292,15.923,0.083,F,UVW2,UVOT,Swift,2014Ap&SS.354...89B
SN2006jc,54044.3306,16.316,0.086,F,V,UVOT,Swift,2014Ap&SS.354...89B
SN2006jc,54044.3317,15.741,0.081,F,UVM2,UVOT,Swift,2014Ap&SS.354...89B
SN2006jc,54044.4,16.39,0.01,F,R,,,2011ApJ...741...97D
SN2006jc,54044.4,16.21,0.01,F,V,,,2011ApJ...741...97D
SN2006jc,54044.420,15.692,0.046,F,H,,PAIRITEL,2014ApJS..213...19B
SN2006jc,54044.420,15.789,0.024,F,J,,PAIRITEL,2014ApJS..213...19B
SN2006jc,54044.420,15.253,0.047,F,Ks,,PAIRITEL,2014ApJS..213...19B
SN2006jc,54044.431,16.550,0.020,F,i',,CfA3_KEP,2014ApJS..213...19B
SN2006jc,54044.432,16.530,0.020,F,r',,CfA3_KEP,2014ApJS..213...19B
SN2006jc,54044.434,16.250,0.020,F,V,,CfA3_KEP,2014ApJS..213...19B
SN2006jc,54044.458,16.570,0.020,F,i',,CfA3_KEP,2014ApJS..213...19B
SN2006jc,54044.460,16.530,0.020,F,r',,CfA3_KEP,2014ApJS..213...19B
SN2006jc,54044.461,16.220,0.020,F,V,,CfA3_KEP,2014ApJS..213...19B
SN2006jc,54044.463,16.020,0.030,F,B,,CfA3_KEP,2014ApJS..213...19B
SN2006jc,54045.4,16.37,0.04,F,R,,,2011ApJ...741...97D
SN2006jc,54045.4,16.22,0.03,F,V,,,2011ApJ...741...97D
SN2006jc,54045.418,15.715,0.055,F,H,,PAIRITEL,2014ApJS..213...19B
SN2006jc,54045.418,15.881,0.025,F,J,,PAIRITEL,2014ApJS..213...19B
SN2006jc,54045.418,15.103,0.036,F,Ks,,PAIRITEL,2014ApJS..213...19B
SN2006jc,54045.436,16.630,0.020,F,i',,CfA3_KEP,2014ApJS..213...19B
SN2006jc,54045.438,16.590,0.020,F,r',,CfA3_KEP,2014ApJS..213...19B
SN2006jc,54045.439,16.300,0.020,F,V,,CfA3_KEP,2014ApJS..213...19B
SN2006jc,54046.409,15.961,0.046,F,H,,PAIRITEL,2014ApJS..213...19B
SN2006jc,54046.409,15.981,0.026,F,J,,PAIRITEL,2014ApJS..213...19B
SN2006jc,54046.409,15.480,0.052,F,Ks,,PAIRITEL,2014ApJS..213...19B
SN2006jc,54046.472,16.670,0.020,F,i',,CfA3_KEP,2014ApJS..213...19B
SN2006jc,54046.474,16.630,0.020,F,r',,CfA3_KEP,2014ApJS..213...19B
SN2006jc,54046.475,16.360,0.020,F,V,,CfA3_KEP,2014ApJS..213...19B
SN2006jc,54047.4,16.54,0.02,F,R,,,2011ApJ...741...97D
SN2006jc,54047.4,16.43,0.02,F,V,,,2011ApJ...741...97D
SN2006jc,54047.409,15.901,0.050,F,H,,PAIRITEL,2014ApJS..213...19B
SN2006jc,54047.409,15.998,0.033,F,J,,PAIRITEL,2014ApJS..213...19B
SN2006jc,54047.409,15.220,0.039,F,Ks,,PAIRITEL,2014ApJS..213...19B
SN2006jc,54048.0882,15.596,0.076,F,UVW1,UVOT,Swift,2014Ap&SS.354...89B
SN2006jc,54048.0889,15.315,0.065,F,U,UVOT,Swift,2014Ap&SS.354...89B
SN2006jc,54048.0893,16.394,0.073,F,B,UVOT,Swift,2014Ap&SS.354...89B
SN2006jc,54048.0904,16.218,0.088,F,UVW2,UVOT,Swift,2014Ap&SS.354...89B
SN2006jc,54048.0915,16.569,0.106,F,V,UVOT,Swift,2014Ap&SS.354...89B
SN2006jc,54048.0922,16.042,0.092,F,UVM2,UVOT,Swift,2014Ap&SS.354...89B
SN2006jc,54048.4,16.57,0.02,F,R,,,2011ApJ...741...97D
SN2006jc,54048.4,16.47,0.02,F,V,,,2011ApJ...741...97D
SN2006jc,54048.414,15.848,0.066,F,H,,PAIRITEL,2014ApJS..213...19B
SN2006jc,54048.414,15.983,0.028,F,J,,PAIRITEL,2014ApJS..213...19B
SN2006jc,54048.414,15.265,0.050,F,Ks,,PAIRITEL,2014ApJS..213...19B
SN2006jc,54049.414,15.923,0.066,F,H,,PAIRITEL,2014ApJS..213...19B
SN2006jc,54049.414,15.963,0.020,F,J,,PAIRITEL,2014ApJS..213...19B
SN2006jc,54049.414,15.358,0.053,F,Ks,,PAIRITEL,2014ApJS..213...19B
SN2006jc,54050.431,15.936,0.043,F,H,,PAIRITEL,2014ApJS..213...19B
SN2006jc,54050.431,16.056,0.027,F,J,,PAIRITEL,2014ApJS..213...19B
SN2006jc,54050.431,15.318,0.098,F,Ks,,PAIRITEL,2014ApJS..213...19B
SN2006jc,54051.456,15.902,0.034,F,H,,PAIRITEL,2014ApJS..213...19B
SN2006jc,54051.456,16.034,0.020,F,J,,PAIRITEL,2014ApJS..213...19B
SN2006jc,54051.456,15.246,0.037,F,Ks,,PAIRITEL,2014ApJS..213...19B
SN2006jc,54051.513,16.980,0.020,F,i',,CfA3_KEP,2014ApJS..213...19B
SN2006jc,54051.515,16.910,0.020,F,r',,CfA3_KEP,2014ApJS..213...19B
SN2006jc,54051.517,16.610,0.020,F,V,,CfA3_KEP,2014ApJS..213...19B
SN2006jc,54051.519,16.460,0.030,F,B,,CfA3_KEP,2014ApJS..213...19B
SN2006jc,54051.5226,15.690,0.020,F,U,,CfA3_KEP,2014ApJS..213...19B
SN2006jc,54052.4,16.79,0.02,F,R,,,2011ApJ...741...97D
SN2006jc,54052.4,16.64,0.02,F,V,,,2011ApJ...741...97D
SN2006jc,54052.8204,16.017,0.074,F,UVW1,UVOT,Swift,2014Ap&SS.354...89B
SN2006jc,54052.8209,15.672,0.068,F,U,UVOT,Swift,2014Ap&SS.354...89B
SN2006jc,54052.8212,16.663,0.070,F,B,UVOT,Swift,2014Ap&SS.354...89B
SN2006jc,54052.8220,16.554,0.086,F,UVW2,UVOT,Swift,2014Ap&SS.354...89B
SN2006jc,54052.8228,16.867,0.101,F,V,UVOT,Swift,2014Ap&SS.354...89B
SN2006jc,54052.8233,16.488,0.090,F,UVM2,UVOT,Swift,2014Ap&SS.354...89B
SN2006jc,54053.437,15.698,0.031,F,H,,PAIRITEL,2014ApJS..213...19B
SN2006jc,54053.437,16.111,0.031,F,J,,PAIRITEL,2014ApJS..213...19B
SN2006jc,54053.437,15.313,0.039,F,Ks,,PAIRITEL,2014ApJS..213...19B
SN2006jc,54053.462,17.040,0.030,F,i',,CfA3_KEP,2014ApJS..213...19B
SN2006jc,54053.464,17.020,0.020,F,r',,CfA3_KEP,2014ApJS..213...19B
SN2006jc,54053.465,16.740,0.020,F,V,,CfA3_KEP,2014ApJS..213...19B
SN2006jc,54053.467,16.580,0.030,F,B,,CfA3_KEP,2014ApJS..213...19B
SN2006jc,54053.4712,15.790,0.020,F,U,,CfA3_KEP,2014ApJS..213...19B
SN2006jc,54054.3,16.85,0.03,F,R,,,2011ApJ...741...97D
SN2006jc,54054.3,16.81,0.03,F,V,,,2011ApJ...741...97D
SN2006jc,54054.455,16.118,0.022,F,J,,PAIRITEL,2014ApJS..213...19B
SN2006jc,54054.455,15.115,0.041,F,Ks,,PAIRITEL,2014ApJS..213...19B
SN2006jc,54055.3,16.9,0.02,F,R,,,2011ApJ...741...97D
SN2006jc,54055.3,16.82,0.02,F,V,,,2011ApJ...741...97D
SN2006jc,54055.408,17.180,0.020,F,i',,CfA3_KEP,2014ApJS..213...19B
SN2006jc,54055.409,17.110,0.020,F,r',,CfA3_KEP,2014ApJS..213...19B
SN2006jc,54055.410,16.830,0.020,F,V,,CfA3_KEP,2014ApJS..213...19B
SN2006jc,54055.412,16.670,0.030,F,B,,CfA3_KEP,2014ApJS..213...19B
SN2006jc,54055.4143,15.810,0.020,F,U,,CfA3_KEP,2014ApJS..213...19B
SN2006jc,54055.4172,15.860,0.020,F,U,,CfA3_KEP,2014ApJS..213...19B
SN2006jc,54055.450,15.700,0.046,F,H,,PAIRITEL,2014ApJS..213...19B
SN2006jc,54055.450,16.112,0.027,F,J,,PAIRITEL,2014ApJS..213...19B
SN2006jc,54055.450,15.115,0.034,F,Ks,,PAIRITEL,2014ApJS..213...19B
SN2006jc,54056.3,16.97,0.02,F,R,,,2011ApJ...741...97D
SN2006jc,54056.3,16.86,0.01,F,V,,,2011ApJ...741...97D
SN2006jc,54056.412,15.753,0.047,F,H,,PAIRITEL,2014ApJS..213...19B
SN2006jc,54056.412,16.094,0.030,F,J,,PAIRITEL,2014ApJS..213...19B
SN2006jc,54056.412,14.973,0.046,F,Ks,,PAIRITEL,2014ApJS..213...19B
SN2006jc,54056.479,17.200,0.030,F,i',,CfA3_KEP,2014ApJS..213...19B
SN2006jc,54056.481,17.160,0.020,F,r',,CfA3_KEP,2014ApJS..213...19B
SN2006jc,54056.483,16.880,0.020,F,V,,CfA3_KEP,2014ApJS..213...19B
SN2006jc,54056.485,16.750,0.030,F,B,,CfA3_KEP,2014ApJS..213...19B
SN2006jc,54056.4888,15.930,0.020,F,U,,CfA3_KEP,2014ApJS..213...19B
SN2006jc,54056.6405,15.834,0.069,F,U,UVOT,Swift,2014Ap&SS.354...89B
SN2006jc,54056.6408,16.807,0.072,F,B,UVOT,Swift,2014Ap&SS.354...89B
SN2006jc,54056.6416,16.730,0.088,F,UVW2,UVOT,Swift,2014Ap&SS.354...89B
SN2006jc,54056.6425,17.019,0.107,F,V,UVOT,Swift,2014Ap&SS.354...89B
SN2006jc,54056.6430,16.482,0.088,F,UVM2,UVOT,Swift,2014Ap&SS.354...89B
SN2006jc,54056.6747,16.130,0.076,F,UVW1,UVOT,Swift,2014Ap&SS.354...89B
SN2006jc,54057.3,17.01,0.04,F,R,,,2011ApJ...741...97D
SN2006jc,54057.3,16.88,0.02,F,V,,,2011ApJ...741...97D
SN2006jc,54057.401,15.694,0.033,F,H,,PAIRITEL,2014ApJS..213...19B
SN2006jc,54057.401,16.139,0.032,F,J,,PAIRITEL,2014ApJS..213...19B
SN2006jc,54057.401,15.013,0.056,F,Ks,,PAIRITEL,2014ApJS..213...19B
SN2006jc,54058.3,17.02,0.02,F,R,,,2011ApJ...741...97D
SN2006jc,54058.3,16.94,0.03,F,V,,,2011ApJ...741...97D
SN2006jc,54058.380,15.683,0.047,F,H,,PAIRITEL,2014ApJS..213...19B
SN2006jc,54058.380,16.117,0.026,F,J,,PAIRITEL,2014ApJS..213...19B
SN2006jc,54058.380,15.120,0.047,F,Ks,,PAIRITEL,2014ApJS..213...19B
SN2006jc,54058.5944,16.103,0.075,F,UVW1,UVOT,Swift,2014Ap&SS.354...89B
SN2006jc,54059.3,17.08,0.02,F,R,,,2011ApJ...741...97D
SN2006jc,54059.3,16.95,0.01,F,V,,,2011ApJ...741...97D
SN2006jc,54059.371,15.658,0.032,F,H,,PAIRITEL,2014ApJS..213...19B
SN2006jc,54059.371,16.168,0.026,F,J,,PAIRITEL,2014ApJS..213...19B
SN2006jc,54059.371,15.002,0.032,F,Ks,,PAIRITEL,2014ApJS..213...19B
SN2006jc,54060.380,15.658,0.052,F,H,,PAIRITEL,2014ApJS..213...19B
SN2006jc,54060.380,16.137,0.020,F,J,,PAIRITEL,2014ApJS..213...19B
SN2006jc,54060.380,14.983,0.046,F,Ks,,PAIRITEL,2014ApJS..213...19B
SN2006jc,54060.5262,16.329,0.086,F,UVW1,UVOT,Swift,2014Ap&SS.354...89B
SN2006jc,54060.5264,16.019,0.079,F,U,UVOT,Swift,2014Ap&SS.354...89B
SN2006jc,54060.5266,17.010,0.086,F,B,UVOT,Swift,2014Ap&SS.354...89B
SN2006jc,54060.5271,16.902,0.097,F,UVW2,UVOT,Swift,2014Ap&SS.354...89B
SN2006jc,54060.5275,17.176,0.145,F,V,UVOT,Swift,2014Ap&SS.354...89B
SN2006jc,54060.5277,16.699,0.140,F,UVM2,UVOT,Swift,2014Ap&SS.354...89B
SN2006jc,54061.3,17.18,0.03,F,R,,,2011ApJ...741...97D
SN2006jc,54061.3,17.08,0.03,F,V,,,2011ApJ...741...97D
SN2006jc,54061.378,15.711,0.045,F,H,,PAIRITEL,2014ApJS..213...19B
SN2006jc,54061.378,16.143,0.026,F,J,,PAIRITEL,2014ApJS..213...19B
SN2006jc,54061.378,14.920,0.030,F,Ks,,PAIRITEL,2014ApJS..213...19B
SN2006jc,54063.3,17.28,0.06,F,R,,,2011ApJ...741...97D
SN2006jc,54063.3,17.13,0.04,F,V,,,2011ApJ...741...97D
SN2006jc,54063.469,15.569,0.058,F,H,,PAIRITEL,2014ApJS..213...19B
SN2006jc,54063.469,16.128,0.031,F,J,,PAIRITEL,2014ApJS..213...19B
SN2006jc,54063.469,14.907,0.030,F,Ks,,PAIRITEL,2014ApJS..213...19B
SN2006jc,54063.5680,16.466,0.078,F,UVW1,UVOT,Swift,2014Ap&SS.354...89B
SN2006jc,54063.5687,16.178,0.072,F,U,UVOT,Swift,2014Ap&SS.354...89B
SN2006jc,54063.5693,17.189,0.077,F,B,UVOT,Swift,2014Ap&SS.354...89B
SN2006jc,54063.5704,16.927,0.090,F,UVW2,UVOT,Swift,2014Ap&SS.354...89B
SN2006jc,54063.5718,17.252,0.113,F,V,UVOT,Swift,2014Ap&SS.354...89B
SN2006jc,54063.5726,16.725,0.090,F,UVM2,UVOT,Swift,2014Ap&SS.354...89B
SN2006jc,54064.360,15.623,0.040,F,H,,PAIRITEL,2014ApJS..213...19B
SN2006jc,54064.360,16.181,0.023,F,J,,PAIRITEL,2014ApJS..213...19B
SN2006jc,54064.360,14.820,0.027,F,Ks,,PAIRITEL,2014ApJS..213...19B
SN2006jc,54065.354,15.597,0.034,F,H,,PAIRITEL,2014ApJS..213...19B
SN2006jc,54065.354,16.266,0.175,F,J,,PAIRITEL,2014ApJS..213...19B
SN2006jc,54065.354,14.754,0.040,F,Ks,,PAIRITEL,2014ApJS..213...19B
SN2006jc,54067.0346,16.550,0.079,F,UVW1,UVOT,Swift,2014Ap&SS.354...89B
SN2006jc,54067.0361,16.260,0.073,F,U,UVOT,Swift,2014Ap&SS.354...89B
SN2006jc,54067.0371,17.309,0.077,F,B,UVOT,Swift,2014Ap&SS.354...89B
SN2006jc,54067.0394,16.917,0.090,F,UVW2,UVOT,Swift,2014Ap&SS.354...89B
SN2006jc,54067.0420,17.401,0.113,F,V,UVOT,Swift,2014Ap&SS.354...89B
SN2006jc,54067.0437,16.836,0.092,F,UVM2,UVOT,Swift,2014Ap&SS.354...89B
SN2006jc,54068.6,17.42,0.05,F,R,,,2011ApJ...741...97D
SN2006jc,54068.6,17.35,0.04,F,V,,,2011ApJ...741...97D
SN2006jc,54069.345,15.380,0.034,F,H,,PAIRITEL,2014ApJS..213...19B
SN2006jc,54069.345,16.216,0.034,F,J,,PAIRITEL,2014ApJS..213...19B
SN2006jc,54069.345,14.604,0.026,F,Ks,,PAIRITEL,2014ApJS..213...19B
SN2006jc,54070.342,15.293,0.024,F,H,,PAIRITEL,2014ApJS..213...19B
SN2006jc,54070.342,16.163,0.026,F,J,,PAIRITEL,2014ApJS..213...19B
SN2006jc,54070.342,14.554,0.025,F,Ks,,PAIRITEL,2014ApJS..213...19B
SN2006jc,54070.392,17.740,0.030,F,i',,CfA3_KEP,2014ApJS..213...19B
SN2006jc,54070.393,17.800,0.030,F,r',,CfA3_KEP,2014ApJS..213...19B
SN2006jc,54070.395,17.600,0.030,F,V,,CfA3_KEP,2014ApJS..213...19B
SN2006jc,54070.397,17.420,0.030,F,B,,CfA3_KEP,2014ApJS..213...19B
SN2006jc,54071.0472,16.713,0.082,F,UVW1,UVOT,Swift,2014Ap&SS.354...89B
SN2006jc,54071.0488,16.499,0.076,F,U,UVOT,Swift,2014Ap&SS.354...89B
SN2006jc,54071.0498,17.535,0.082,F,B,UVOT,Swift,2014Ap&SS.354...89B
SN2006jc,54071.0523,17.306,0.097,F,UVW2,UVOT,Swift,2014Ap&SS.354...89B
SN2006jc,54071.0548,17.676,0.128,F,V,UVOT,Swift,2014Ap&SS.354...89B
SN2006jc,54071.0567,17.182,0.101,F,UVM2,UVOT,Swift,2014Ap&SS.354...89B
SN2006jc,54071.3,17.58,0.04,F,R,,,2011ApJ...741...97D
SN2006jc,54071.3,17.55,0.05,F,V,,,2011ApJ...741...97D
SN2006jc,54071.334,15.353,0.041,F,H,,PAIRITEL,2014ApJS..213...19B
SN2006jc,54071.334,16.110,0.022,F,J,,PAIRITEL,2014ApJS..213...19B
SN2006jc,54071.334,14.491,0.025,F,Ks,,PAIRITEL,2014ApJS..213...19B
SN2006jc,54071.474,17.780,0.030,F,i',,CfA3_KEP,2014ApJS..213...19B
SN2006jc,54071.476,17.880,0.020,F,r',,CfA3_KEP,2014ApJS..213...19B
SN2006jc,54071.477,17.650,0.020,F,V,,CfA3_KEP,2014ApJS..213...19B
SN2006jc,54071.479,17.510,0.030,F,B,,CfA3_KEP,2014ApJS..213...19B
SN2006jc,54071.4832,16.670,0.020,F,U,,CfA3_KEP,2014ApJS..213...19B
SN2006jc,54072.333,15.202,0.019,F,H,,PAIRITEL,2014ApJS..213...19B
SN2006jc,54072.333,16.080,0.023,F,J,,PAIRITEL,2014ApJS..213...19B
SN2006jc,54072.333,14.475,0.024,F,Ks,,PAIRITEL,2014ApJS..213...19B
SN2006jc,54072.363,17.800,0.030,F,i',,CfA3_KEP,2014ApJS..213...19B
SN2006jc,54072.364,17.870,0.030,F,r',,CfA3_KEP,2014ApJS..213...19B
SN2006jc,54072.366,17.680,0.030,F,V,,CfA3_KEP,2014ApJS..213...19B
SN2006jc,54072.368,17.520,0.040,F,B,,CfA3_KEP,2014ApJS..213...19B
SN2006jc,54073.502,17.850,0.040,F,i',,CfA3_KEP,2014ApJS..213...19B
SN2006jc,54073.503,17.930,0.040,F,r',,CfA3_KEP,2014ApJS..213...19B
SN2006jc,54073.505,17.820,0.040,F,V,,CfA3_KEP,2014ApJS..213...19B
SN2006jc,54073.507,17.600,0.060,F,B,,CfA3_KEP,2014ApJS..213...19B
SN2006jc,54074.326,15.134,0.033,F,H,,PAIRITEL,2014ApJS..213...19B
SN2006jc,54074.326,16.045,0.019,F,J,,PAIRITEL,2014ApJS..213...19B
SN2006jc,54074.326,14.393,0.026,F,Ks,,PAIRITEL,2014ApJS..213...19B
SN2006jc,54074.442,17.900,0.030,F,i',,CfA3_KEP,2014ApJS..213...19B
SN2006jc,54074.444,18.070,0.030,F,r',,CfA3_KEP,2014ApJS..213...19B
SN2006jc,54074.447,17.870,0.030,F,V,,CfA3_KEP,2014ApJS..213...19B
SN2006jc,54075.329,15.142,0.040,F,H,,PAIRITEL,2014ApJS..213...19B
SN2006jc,54075.329,16.014,0.022,F,J,,PAIRITEL,2014ApJS..213...19B
SN2006jc,54075.329,14.278,0.023,F,Ks,,PAIRITEL,2014ApJS..213...19B
SN2006jc,54075.434,17.960,0.040,F,i',,CfA3_KEP,2014ApJS..213...19B
SN2006jc,54075.437,18.170,0.030,F,r',,CfA3_KEP,2014ApJS..213...19B
SN2006jc,54075.439,17.940,0.030,F,V,,CfA3_KEP,2014ApJS..213...19B
SN2006jc,54075.442,17.780,0.050,F,B,,CfA3_KEP,2014ApJS..213...19B
SN2006jc,54075.459,17.980,0.040,F,i',,CfA3_KEP,2014ApJS..213...19B
SN2006jc,54075.462,18.210,0.040,F,r',,CfA3_KEP,2014ApJS..213...19B
SN2006jc,54075.464,18.010,0.040,F,V,,CfA3_KEP,2014ApJS..213...19B
SN2006jc,54075.467,17.820,0.050,F,B,,CfA3_KEP,2014ApJS..213...19B
SN2006jc,54076.320,15.105,0.021,F,H,,PAIRITEL,2014ApJS..213...19B
SN2006jc,54076.320,16.097,0.039,F,J,,PAIRITEL,2014ApJS..213...19B
SN2006jc,54076.320,14.248,0.022,F,Ks,,PAIRITEL,2014ApJS..213...19B
SN2006jc,54076.472,18.060,0.040,F,i',,CfA3_KEP,2014ApJS..213...19B
SN2006jc,54076.474,18.220,0.030,F,r',,CfA3_KEP,2014ApJS..213...19B
SN2006jc,54076.477,18.160,0.050,F,V,,CfA3_KEP,2014ApJS..213...19B
SN2006jc,54076.480,17.960,0.050,F,B,,CfA3_KEP,2014ApJS..213...19B
SN2006jc,54076.506,18.010,0.040,F,i',,CfA3_KEP,2014ApJS..213...19B
SN2006jc,54076.508,18.150,0.030,F,r',,CfA3_KEP,2014ApJS..213...19B
SN2006jc,54076.511,18.050,0.040,F,V,,CfA3_KEP,2014ApJS..213...19B
SN2006jc,54076.514,18.030,0.050,F,B,,CfA3_KEP,2014ApJS..213...19B
SN2006jc,54077.425,15.067,0.023,F,H,,PAIRITEL,2014ApJS..213...19B
SN2006jc,54077.425,16.006,0.023,F,J,,PAIRITEL,2014ApJS..213...19B
SN2006jc,54077.425,14.189,0.029,F,Ks,,PAIRITEL,2014ApJS..213...19B
SN2006jc,54078.351,14.987,0.023,F,H,,PAIRITEL,2014ApJS..213...19B
SN2006jc,54078.351,15.963,0.022,F,J,,PAIRITEL,2014ApJS..213...19B
SN2006jc,54078.351,14.127,0.020,F,Ks,,PAIRITEL,2014ApJS..213...19B
SN2006jc,54079.6264,17.249,0.092,F,UVW1,UVOT,Swift,2014Ap&SS.354...89B
SN2006jc,54079.6281,17.395,0.095,F,U,UVOT,Swift,2014Ap&SS.354...89B
SN2006jc,54079.6293,18.636,0.129,F,B,UVOT,Swift,2014Ap&SS.354...89B
SN2006jc,54079.6322,17.853,0.110,F,UVW2,UVOT,Swift,2014Ap&SS.354...89B
SN2006jc,54079.6350,18.310,0.192,F,V,UVOT,Swift,2014Ap&SS.354...89B
SN2006jc,54079.6371,17.878,0.130,F,UVM2,UVOT,Swift,2014Ap&SS.354...89B
SN2006jc,54080.310,14.826,0.039,F,H,,PAIRITEL,2014ApJS..213...19B
SN2006jc,54080.310,14.212,0.046,F,Ks,,PAIRITEL,2014ApJS..213...19B
SN2006jc,54080.452,18.290,0.030,F,i',,CfA3_KEP,2014ApJS..213...19B
SN2006jc,54080.454,18.670,0.030,F,r',,CfA3_KEP,2014ApJS..213...19B
SN2006jc,54080.456,18.590,0.050,F,V,,CfA3_KEP,2014ApJS..213...19B
SN2006jc,54080.459,18.480,0.050,F,B,,CfA3_KEP,2014ApJS..213...19B
SN2006jc,54080.472,18.260,0.040,F,i',,CfA3_KEP,2014ApJS..213...19B
SN2006jc,54080.475,18.690,0.040,F,r',,CfA3_KEP,2014ApJS..213...19B
SN2006jc,54080.477,18.580,0.050,F,V,,CfA3_KEP,2014ApJS..213...19B
SN2006jc,54080.480,18.460,0.040,F,B,,CfA3_KEP,2014ApJS..213...19B
SN2006jc,54081.315,14.889,0.019,F,H,,PAIRITEL,2014ApJS..213...19B
SN2006jc,54081.315,15.944,0.025,F,J,,PAIRITEL,2014ApJS..213...19B
SN2006jc,54081.315,14.064,0.024,F,Ks,,PAIRITEL,2014ApJS..213...19B
SN2006jc,54082.313,14.821,0.031,F,H,,PAIRITEL,2014ApJS..213...19B
SN2006jc,54082.313,15.935,0.020,F,J,,PAIRITEL,2014ApJS..213...19B
SN2006jc,54082.313,13.988,0.031,F,Ks,,PAIRITEL,2014ApJS..213...19B
SN2006jc,54083.3,18.77,0.1,F,R,,,2011ApJ...741...97D
SN2006jc,54083.3,18.88,0.08,F,V,,,2011ApJ...741...97D
SN2006jc,54083.302,14.876,0.021,F,H,,PAIRITEL,2014ApJS..213...19B
SN2006jc,54083.302,15.977,0.018,F,J,,PAIRITEL,2014ApJS..213...19B
SN2006jc,54083.302,14.026,0.022,F,Ks,,PAIRITEL,2014ApJS..213...19B
SN2006jc,54083.516,18.540,0.030,F,i',,CfA3_KEP,2014ApJS..213...19B
SN2006jc,54083.519,19.030,0.040,F,r',,CfA3_KEP,2014ApJS..213...19B
SN2006jc,54083.521,19.010,0.050,F,V,,CfA3_KEP,2014ApJS..213...19B
SN2006jc,54083.524,18.940,0.050,F,B,,CfA3_KEP,2014ApJS..213...19B
SN2006jc,54084.3,18.74,0.04,F,R,,,2011ApJ...741...97D
SN2006jc,54084.3,18.93,0.04,F,V,,,2011ApJ...741...97D
SN2006jc,54084.482,18.590,0.030,F,i',,CfA3_KEP,2014ApJS..213...19B
SN2006jc,54084.485,19.170,0.030,F,r',,CfA3_KEP,2014ApJS..213...19B
SN2006jc,54084.487,19.220,0.040,F,V,,CfA3_KEP,2014ApJS..213...19B
SN2006jc,54084.490,19.210,0.060,F,B,,CfA3_KEP,2014ApJS..213...19B
SN2006jc,54085.1446,17.997,0.112,F,UVW1,UVOT,Swift,2014Ap&SS.354...89B
SN2006jc,54085.1462,18.328,0.133,F,U,UVOT,Swift,2014Ap&SS.354...89B
SN2006jc,54085.1473,19.320,0.181,F,B,UVOT,Swift,2014Ap&SS.354...89B
SN2006jc,54085.1500,18.193,0.117,F,UVW2,UVOT,Swift,2014Ap&SS.354...89B
SN2006jc,54085.1526,19.048,0.271,F,V,UVOT,Swift,2014Ap&SS.354...89B
SN2006jc,54085.1545,18.164,0.136,F,UVM2,UVOT,Swift,2014Ap&SS.354...89B
SN2006jc,54085.317,14.823,0.026,F,H,,PAIRITEL,2014ApJS..213...19B
SN2006jc,54085.317,15.981,0.024,F,J,,PAIRITEL,2014ApJS..213...19B
SN2006jc,54085.317,13.992,0.023,F,Ks,,PAIRITEL,2014ApJS..213...19B
SN2006jc,54086.301,14.826,0.022,F,H,,PAIRITEL,2014ApJS..213...19B
SN2006jc,54086.301,16.069,0.028,F,J,,PAIRITEL,2014ApJS..213...19B
SN2006jc,54086.301,13.959,0.020,F,Ks,,PAIRITEL,2014ApJS..213...19B
SN2006jc,54086.330,18.700,0.050,F,i',,CfA3_KEP,2014ApJS..213...19B
SN2006jc,54086.332,19.330,0.050,F,r',,CfA3_KEP,2014ApJS..213...19B
SN2006jc,54086.334,19.510,0.060,F,V,,CfA3_KEP,2014ApJS..213...19B
SN2006jc,54086.337,19.490,0.050,F,B,,CfA3_KEP,2014ApJS..213...19B
SN2006jc,54089.15,19.53,0.09,F,B,,,"2008MNRAS.389..113P,Sternberg Astronomical Institute Supernova Light Curve Catalogue"
SN2006jc,54089.15,18.16,0.06,F,I,,,"2008MNRAS.389..113P,Sternberg Astronomical Institute Supernova Light Curve Catalogue"
SN2006jc,54089.15,19.16,0.08,F,R,,,"2008MNRAS.389..113P,Sternberg Astronomical Institute Supernova Light Curve Catalogue"
SN2006jc,54089.15,19.53,0.07,F,V,,,"2008MNRAS.389..113P,Sternberg Astronomical Institute Supernova Light Curve Catalogue"
SN2006jc,54089.4169,18.616,0.153,F,UVW1,UVOT,Swift,2014Ap&SS.354...89B
SN2006jc,54089.4178,18.795,0.176,F,U,UVOT,Swift,2014Ap&SS.354...89B
SN2006jc,54089.4185,19.590,0.222,F,B,UVOT,Swift,2014Ap&SS.354...89B
SN2006jc,54089.4199,18.548,0.136,F,UVW2,UVOT,Swift,2014Ap&SS.354...89B
SN2006jc,54089.4215,19.454,,T,V,UVOT,Swift,2014Ap&SS.354...89B
SN2006jc,54089.4225,18.697,0.188,F,UVM2,UVOT,Swift,2014Ap&SS.354...89B
SN2006jc,54089.433,14.871,0.019,F,H,,PAIRITEL,2014ApJS..213...19B
SN2006jc,54089.433,16.079,0.031,F,J,,PAIRITEL,2014ApJS..213...19B
SN2006jc,54089.433,14.038,0.045,F,Ks,,PAIRITEL,2014ApJS..213...19B
SN2006jc,54089.435,18.900,0.040,F,i',,CfA3_KEP,2014ApJS..213...19B
SN2006jc,54089.437,19.750,0.070,F,r',,CfA3_KEP,2014ApJS..213...19B
SN2006jc,54089.439,19.930,0.090,F,V,,CfA3_KEP,2014ApJS..213...19B
SN2006jc,54089.442,19.920,0.080,F,B,,CfA3_KEP,2014ApJS..213...19B
SN2006jc,54089.493,19.030,0.050,F,i',,CfA3_KEP,2014ApJS..213...19B
SN2006jc,54089.495,19.860,0.080,F,r',,CfA3_KEP,2014ApJS..213...19B
SN2006jc,54089.498,19.780,0.070,F,V,,CfA3_KEP,2014ApJS..213...19B
SN2006jc,54089.501,19.920,0.080,F,B,,CfA3_KEP,2014ApJS..213...19B
SN2006jc,54090.284,14.841,0.019,F,H,,PAIRITEL,2014ApJS..213...19B
SN2006jc,54090.284,16.099,0.021,F,J,,PAIRITEL,2014ApJS..213...19B
SN2006jc,54090.284,13.959,0.019,F,Ks,,PAIRITEL,2014ApJS..213...19B
SN2006jc,54090.3,19.31,0.06,F,R,,,2011ApJ...741...97D
SN2006jc,54090.3,19.73,0.08,F,V,,,2011ApJ...741...97D
SN2006jc,54091.07,20.03,0.06,F,B,,,"2008MNRAS.389..113P,Sternberg Astronomical Institute Supernova Light Curve Catalogue"
SN2006jc,54091.07,18.44,0.03,F,I,,,"2008MNRAS.389..113P,Sternberg Astronomical Institute Supernova Light Curve Catalogue"
SN2006jc,54091.07,19.69,0.06,F,R,,,"2008MNRAS.389..113P,Sternberg Astronomical Institute Supernova Light Curve Catalogue"
SN2006jc,54091.07,18.95,0.05,F,U,,,"2008MNRAS.389..113P,Sternberg Astronomical Institute Supernova Light Curve Catalogue"
SN2006jc,54091.07,19.98,0.06,F,V,,,"2008MNRAS.389..113P,Sternberg Astronomical Institute Supernova Light Curve Catalogue"
SN2006jc,54091.3,19.39,0.06,F,R,,,2011ApJ...741...97D
SN2006jc,54091.3,19.77,0.08,F,V,,,2011ApJ...741...97D
SN2006jc,54091.322,14.839,0.026,F,H,,PAIRITEL,2014ApJS..213...19B
SN2006jc,54091.322,16.138,0.021,F,J,,PAIRITEL,2014ApJS..213...19B
SN2006jc,54091.322,13.978,0.019,F,Ks,,PAIRITEL,2014ApJS..213...19B
SN2006jc,54091.386,19.230,0.070,F,i',,CfA3_KEP,2014ApJS..213...19B
SN2006jc,54091.388,20.020,0.090,F,r',,CfA3_KEP,2014ApJS..213...19B
SN2006jc,54091.393,20.070,0.170,F,B,,CfA3_KEP,2014ApJS..213...19B
SN2006jc,54092.352,14.917,0.023,F,H,,PAIRITEL,2014ApJS..213...19B
SN2006jc,54092.352,16.210,0.025,F,J,,PAIRITEL,2014ApJS..213...19B
SN2006jc,54092.352,14.043,0.031,F,Ks,,PAIRITEL,2014ApJS..213...19B
SN2006jc,54093.5423,18.994,0.167,F,UVW2,UVOT,Swift,2014Ap&SS.354...89B
SN2006jc,54093.5435,19.851,0.354,F,V,UVOT,Swift,2014Ap&SS.354...89B
SN2006jc,54093.5447,19.112,0.208,F,UVM2,UVOT,Swift,2014Ap&SS.354...89B
SN2006jc,54093.5459,18.810,0.142,F,UVW1,UVOT,Swift,2014Ap&SS.354...89B
SN2006jc,54093.5472,19.355,0.186,F,U,UVOT,Swift,2014Ap&SS.354...89B
SN2006jc,54093.5483,20.432,0.325,F,B,UVOT,Swift,2014Ap&SS.354...89B
SN2006jc,54094.285,14.910,0.014,F,H,,PAIRITEL,2014ApJS..213...19B
SN2006jc,54094.285,16.256,0.033,F,J,,PAIRITEL,2014ApJS..213...19B
SN2006jc,54094.285,14.010,0.020,F,Ks,,PAIRITEL,2014ApJS..213...19B
SN2006jc,54094.451,19.200,0.060,F,i',,CfA3_KEP,2014ApJS..213...19B
SN2006jc,54094.453,20.740,0.190,F,r',,CfA3_KEP,2014ApJS..213...19B
SN2006jc,54094.456,20.480,0.150,F,V,,CfA3_KEP,2014ApJS..213...19B
SN2006jc,54094.459,21.070,0.190,F,B,,CfA3_KEP,2014ApJS..213...19B
SN2006jc,54095.276,16.321,0.033,F,J,,PAIRITEL,2014ApJS..213...19B
SN2006jc,54095.276,14.038,0.018,F,Ks,,PAIRITEL,2014ApJS..213...19B
SN2006jc,54095.405,19.560,0.070,F,i',,CfA3_KEP,2014ApJS..213...19B
SN2006jc,54095.408,20.430,0.100,F,r',,CfA3_KEP,2014ApJS..213...19B
SN2006jc,54095.410,20.880,0.140,F,V,,CfA3_KEP,2014ApJS..213...19B
SN2006jc,54095.413,21.060,0.150,F,B,,CfA3_KEP,2014ApJS..213...19B
SN2006jc,54096.283,14.972,0.023,F,H,,PAIRITEL,2014ApJS..213...19B
SN2006jc,54096.283,16.307,0.029,F,J,,PAIRITEL,2014ApJS..213...19B
SN2006jc,54096.283,14.126,0.035,F,Ks,,PAIRITEL,2014ApJS..213...19B
SN2006jc,54097.3009,18.908,0.175,F,UVW2,UVOT,Swift,2014Ap&SS.354...89B
SN2006jc,54097.3025,19.837,,T,V,UVOT,Swift,2014Ap&SS.354...89B
SN2006jc,54097.3040,19.853,,T,UVM2,UVOT,Swift,2014Ap&SS.354...89B
SN2006jc,54097.3056,18.960,0.172,F,UVW1,UVOT,Swift,2014Ap&SS.354...89B
SN2006jc,54097.3072,19.338,0.200,F,U,UVOT,Swift,2014Ap&SS.354...89B
SN2006jc,54097.3086,20.415,0.361,F,B,UVOT,Swift,2014Ap&SS.354...89B
SN2006jc,54099.01,19.05,0.07,F,I,,,"2008MNRAS.389..113P,Sternberg Astronomical Institute Supernova Light Curve Catalogue"
SN2006jc,54099.01,20.27,0.17,F,R,,,"2008MNRAS.389..113P,Sternberg Astronomical Institute Supernova Light Curve Catalogue"
SN2006jc,54099.01,19.67,0.32,F,U,,,"2008MNRAS.389..113P,Sternberg Astronomical Institute Supernova Light Curve Catalogue"
SN2006jc,54099.01,20.74,0.21,F,V,,,"2008MNRAS.389..113P,Sternberg Astronomical Institute Supernova Light Curve Catalogue"
SN2006jc,54099.328,15.040,0.022,F,H,,PAIRITEL,2014ApJS..213...19B
SN2006jc,54099.328,16.458,0.033,F,J,,PAIRITEL,2014ApJS..213...19B
SN2006jc,54099.328,14.138,0.019,F,Ks,,PAIRITEL,2014ApJS..213...19B
SN2006jc,54100.2,20.38,0.17,F,R,,,2011ApJ...741...97D
SN2006jc,54100.2,20.68,0.19,F,V,,,2011ApJ...741...97D
SN2006jc,54100.257,15.102,0.021,F,H,,PAIRITEL,2014ApJS..213...19B
SN2006jc,54100.257,16.452,0.033,F,J,,PAIRITEL,2014ApJS..213...19B
SN2006jc,54100.257,14.122,0.026,F,Ks,,PAIRITEL,2014ApJS..213...19B
SN2006jc,54100.343,19.600,0.100,F,i',,CfA3_KEP,2014ApJS..213...19B
SN2006jc,54100.345,20.900,0.250,F,r',,CfA3_KEP,2014ApJS..213...19B
SN2006jc,54100.347,20.790,0.320,F,V,,CfA3_KEP,2014ApJS..213...19B
SN2006jc,54100.350,21.030,0.430,F,B,,CfA3_KEP,2014ApJS..213...19B
SN2006jc,54100.357,19.750,0.080,F,i',,CfA3_KEP,2014ApJS..213...19B
SN2006jc,54100.360,20.840,0.210,F,r',,CfA3_KEP,2014ApJS..213...19B
SN2006jc,54100.387,19.680,0.080,F,i',,CfA3_KEP,2014ApJS..213...19B
SN2006jc,54101.263,15.136,0.025,F,H,,PAIRITEL,2014ApJS..213...19B
SN2006jc,54101.263,16.494,0.040,F,J,,PAIRITEL,2014ApJS..213...19B
SN2006jc,54101.263,14.147,0.043,F,Ks,,PAIRITEL,2014ApJS..213...19B
SN2006jc,54101.5508,19.635,0.267,F,UVW1,UVOT,Swift,2014Ap&SS.354...89B
SN2006jc,54101.5516,19.962,0.374,F,U,UVOT,Swift,2014Ap&SS.354...89B
SN2006jc,54101.5523,20.458,,T,B,UVOT,Swift,2014Ap&SS.354...89B
SN2006jc,54101.5545,20.011,0.298,F,UVW2,UVOT,Swift,2014Ap&SS.354...89B
SN2006jc,54101.5555,19.577,,T,V,UVOT,Swift,2014Ap&SS.354...89B
SN2006jc,54101.5569,19.844,0.383,F,UVM2,UVOT,Swift,2014Ap&SS.354...89B
SN2006jc,54102.274,15.190,0.035,F,H,,PAIRITEL,2014ApJS..213...19B
SN2006jc,54102.274,16.620,0.034,F,J,,PAIRITEL,2014ApJS..213...19B
SN2006jc,54102.274,14.147,0.022,F,Ks,,PAIRITEL,2014ApJS..213...19B
SN2006jc,54102.409,21.440,0.510,F,r',,CfA3_KEP,2014ApJS..213...19B
SN2006jc,54102.412,20.950,0.560,F,V,,CfA3_KEP,2014ApJS..213...19B
SN2006jc,54103.272,14.295,0.041,F,Ks,,PAIRITEL,2014ApJS..213...19B
SN2006jc,54104.248,15.238,0.019,F,H,,PAIRITEL,2014ApJS..213...19B
SN2006jc,54104.248,16.704,0.034,F,J,,PAIRITEL,2014ApJS..213...19B
SN2006jc,54104.248,14.228,0.029,F,Ks,,PAIRITEL,2014ApJS..213...19B
SN2006jc,54105.251,15.272,0.022,F,H,,PAIRITEL,2014ApJS..213...19B
SN2006jc,54105.251,16.744,0.033,F,J,,PAIRITEL,2014ApJS..213...19B
SN2006jc,54105.251,14.240,0.023,F,Ks,,PAIRITEL,2014ApJS..213...19B
SN2006jc,54106.5671,19.659,0.247,F,UVW1,UVOT,Swift,2014Ap&SS.354...89B
SN2006jc,54106.5681,20.188,,T,U,UVOT,Swift,2014Ap&SS.354...89B
SN2006jc,54106.5688,20.589,,T,B,UVOT,Swift,2014Ap&SS.354...89B
SN2006jc,54106.5708,19.579,0.209,F,UVW2,UVOT,Swift,2014Ap&SS.354...89B
SN2006jc,54106.5723,19.725,,T,V,UVOT,Swift,2014Ap&SS.354...89B
SN2006jc,54106.5737,20.052,0.387,F,UVM2,UVOT,Swift,2014Ap&SS.354...89B
SN2006jc,54108.266,15.399,0.039,F,H,,PAIRITEL,2014ApJS..213...19B
SN2006jc,54108.266,16.905,0.039,F,J,,PAIRITEL,2014ApJS..213...19B
SN2006jc,54108.266,14.289,0.035,F,Ks,,PAIRITEL,2014ApJS..213...19B
SN2006jc,54108.443,20.200,0.120,F,i',,CfA3_KEP,2014ApJS..213...19B
SN2006jc,54108.452,21.630,0.730,F,B,,CfA3_KEP,2014ApJS..213...19B
SN2006jc,54109.01,21.62,0.22,F,B,,,"2008MNRAS.389..113P,Sternberg Astronomical Institute Supernova Light Curve Catalogue"
SN2006jc,54109.01,19.9,0.12,F,I,,,"2008MNRAS.389..113P,Sternberg Astronomical Institute Supernova Light Curve Catalogue"
SN2006jc,54109.01,21.15,0.22,F,R,,,"2008MNRAS.389..113P,Sternberg Astronomical Institute Supernova Light Curve Catalogue"
SN2006jc,54109.01,21.64,0.34,F,V,,,"2008MNRAS.389..113P,Sternberg Astronomical Institute Supernova Light Curve Catalogue"
SN2006jc,54109.236,16.745,0.046,F,J,,PAIRITEL,2014ApJS..213...19B
SN2006jc,54109.236,14.228,0.036,F,Ks,,PAIRITEL,2014ApJS..213...19B
SN2006jc,54110.233,15.388,0.034,F,H,,PAIRITEL,2014ApJS..213...19B
SN2006jc,54110.233,16.788,0.033,F,J,,PAIRITEL,2014ApJS..213...19B
SN2006jc,54110.233,14.313,0.023,F,Ks,,PAIRITEL,2014ApJS..213...19B
SN2006jc,54114.2,22.11,0.22,F,B,,,"2008MNRAS.389..113P,Sternberg Astronomical Institute Supernova Light Curve Catalogue"
SN2006jc,54114.2,20.12,0.25,F,I,,,"2008MNRAS.389..113P,Sternberg Astronomical Institute Supernova Light Curve Catalogue"
SN2006jc,54114.2,21.6,0.28,F,R,,,"2008MNRAS.389..113P,Sternberg Astronomical Institute Supernova Light Curve Catalogue"
SN2006jc,54114.2,22.04,0.38,F,V,,,"2008MNRAS.389..113P,Sternberg Astronomical Institute Supernova Light Curve Catalogue"
SN2006jc,54114.403,20.550,0.150,F,i',,CfA3_KEP,2014ApJS..213...19B
SN2006jc,54114.406,21.550,0.330,F,r',,CfA3_KEP,2014ApJS..213...19B
SN2006jc,54114.409,21.550,0.280,F,V,,CfA3_KEP,2014ApJS..213...19B
SN2006jc,54115.222,15.526,0.029,F,H,,PAIRITEL,2014ApJS..213...19B
SN2006jc,54115.222,17.219,0.052,F,J,,PAIRITEL,2014ApJS..213...19B
SN2006jc,54115.222,14.420,0.033,F,Ks,,PAIRITEL,2014ApJS..213...19B
SN2006jc,54115.6898,20.277,,T,UVW1,UVOT,Swift,2014Ap&SS.354...89B
SN2006jc,54115.6905,20.133,,T,U,UVOT,Swift,2014Ap&SS.354...89B
SN2006jc,54115.6910,20.546,,T,B,UVOT,Swift,2014Ap&SS.354...89B
SN2006jc,54115.6919,20.008,0.286,F,UVW2,UVOT,Swift,2014Ap&SS.354...89B
SN2006jc,54115.6932,19.637,,T,V,UVOT,Swift,2014Ap&SS.354...89B
SN2006jc,54115.6938,20.031,,T,UVM2,UVOT,Swift,2014Ap&SS.354...89B
SN2006jc,54116.222,15.491,0.021,F,H,,PAIRITEL,2014ApJS..213...19B
SN2006jc,54116.222,17.095,0.053,F,J,,PAIRITEL,2014ApJS..213...19B
SN2006jc,54116.222,14.401,0.027,F,Ks,,PAIRITEL,2014ApJS..213...19B
SN2006jc,54117.2,22.57,0.13,F,B,,,"2008MNRAS.389..113P,Sternberg Astronomical Institute Supernova Light Curve Catalogue"
SN2006jc,54117.2,20.3,0.1,F,I,,,"2008MNRAS.389..113P,Sternberg Astronomical Institute Supernova Light Curve Catalogue"
SN2006jc,54117.2,21.85,0.18,F,R,,,"2008MNRAS.389..113P,Sternberg Astronomical Institute Supernova Light Curve Catalogue"
SN2006jc,54117.2,22.59,0.26,F,V,,,"2008MNRAS.389..113P,Sternberg Astronomical Institute Supernova Light Curve Catalogue"
SN2006jc,54117.234,15.594,0.025,F,H,,PAIRITEL,2014ApJS..213...19B
SN2006jc,54117.234,17.224,0.055,F,J,,PAIRITEL,2014ApJS..213...19B
SN2006jc,54117.234,14.403,0.034,F,Ks,,PAIRITEL,2014ApJS..213...19B
SN2006jc,54121.8648,20.163,0.306,F,UVW2,UVOT,Swift,2014Ap&SS.354...89B
SN2006jc,54121.8710,20.339,,T,UVM2,UVOT,Swift,2014Ap&SS.354...89B
SN2006jc,54121.8771,20.576,,T,UVW1,UVOT,Swift,2014Ap&SS.354...89B
SN2006jc,54124.197,15.753,0.048,F,H,,PAIRITEL,2014ApJS..213...19B
SN2006jc,54124.197,17.589,0.093,F,J,,PAIRITEL,2014ApJS..213...19B
SN2006jc,54124.197,14.574,0.027,F,Ks,,PAIRITEL,2014ApJS..213...19B
SN2006jc,54126.6853,20.397,,T,UVW1,UVOT,Swift,2014Ap&SS.354...89B
SN2006jc,54126.6866,20.239,,T,U,UVOT,Swift,2014Ap&SS.354...89B
SN2006jc,54126.6876,20.638,,T,B,UVOT,Swift,2014Ap&SS.354...89B
SN2006jc,54126.6902,20.387,0.358,F,UVW2,UVOT,Swift,2014Ap&SS.354...89B
SN2006jc,54126.6923,19.775,,T,V,UVOT,Swift,2014Ap&SS.354...89B
SN2006jc,54126.6942,20.155,,T,UVM2,UVOT,Swift,2014Ap&SS.354...89B
SN2006jc,54128.225,15.888,0.038,F,H,,PAIRITEL,2014ApJS..213...19B
SN2006jc,54128.225,17.634,0.064,F,J,,PAIRITEL,2014ApJS..213...19B
SN2006jc,54128.225,14.671,0.028,F,Ks,,PAIRITEL,2014ApJS..213...19B
SN2006jc,54129.3010,20.524,,T,UVW1,UVOT,Swift,2014Ap&SS.354...89B
SN2006jc,54129.3029,20.365,,T,U,UVOT,Swift,2014Ap&SS.354...89B
SN2006jc,54129.3041,20.750,,T,B,UVOT,Swift,2014Ap&SS.354...89B
SN2006jc,54129.3069,20.164,0.289,F,UVW2,UVOT,Swift,2014Ap&SS.354...89B
SN2006jc,54129.3100,19.901,,T,V,UVOT,Swift,2014Ap&SS.354...89B
SN2006jc,54129.3121,20.355,,T,UVM2,UVOT,Swift,2014Ap&SS.354...89B
SN2006jc,54131.4715,19.959,,T,UVW1,UVOT,Swift,2014Ap&SS.354...89B
SN2006jc,54131.4719,19.808,,T,U,UVOT,Swift,2014Ap&SS.354...89B
SN2006jc,54131.4721,20.239,,T,B,UVOT,Swift,2014Ap&SS.354...89B
SN2006jc,54131.4726,20.382,,T,UVW2,UVOT,Swift,2014Ap&SS.354...89B
SN2006jc,54131.4733,19.345,,T,V,UVOT,Swift,2014Ap&SS.354...89B
SN2006jc,54131.4736,19.243,,T,UVM2,UVOT,Swift,2014Ap&SS.354...89B
SN2006jc,54132.0460,19.975,,T,UVW1,UVOT,Swift,2014Ap&SS.354...89B
SN2006jc,54132.0479,19.847,,T,U,UVOT,Swift,2014Ap&SS.354...89B
SN2006jc,54132.0492,20.262,,T,B,UVOT,Swift,2014Ap&SS.354...89B
SN2006jc,54132.0524,20.310,0.412,F,UVW2,UVOT,Swift,2014Ap&SS.354...89B
SN2006jc,54132.0556,19.367,,T,V,UVOT,Swift,2014Ap&SS.354...89B
SN2006jc,54132.0580,19.810,,T,UVM2,UVOT,Swift,2014Ap&SS.354...89B
SN2006jc,54134.1683,17.650,,T,UVM2,UVOT,Swift,2014Ap&SS.354...89B
SN2006jc,54134.4005,19.811,,T,UVW1,UVOT,Swift,2014Ap&SS.354...89B
SN2006jc,54134.4008,19.681,,T,U,UVOT,Swift,2014Ap&SS.354...89B
SN2006jc,54134.4010,20.111,,T,B,UVOT,Swift,2014Ap&SS.354...89B
SN2006jc,54134.4015,20.237,,T,UVW2,UVOT,Swift,2014Ap&SS.354...89B
SN2006jc,54134.4020,19.213,,T,V,UVOT,Swift,2014Ap&SS.354...89B
SN2006jc,54136.4364,20.331,,T,UVW1,UVOT,Swift,2014Ap&SS.354...89B
SN2006jc,54136.4371,20.176,,T,U,UVOT,Swift,2014Ap&SS.354...89B
SN2006jc,54136.4378,20.577,,T,B,UVOT,Swift,2014Ap&SS.354...89B
SN2006jc,54136.4399,20.114,0.313,F,UVW2,UVOT,Swift,2014Ap&SS.354...89B
SN2006jc,54136.4408,19.603,,T,V,UVOT,Swift,2014Ap&SS.354...89B
SN2006jc,54136.8757,19.979,,T,UVM2,UVOT,Swift,2014Ap&SS.354...89B
SN2006jc,54137.94,21.17,0.41,F,I,,,"2008MNRAS.389..113P,Sternberg Astronomical Institute Supernova Light Curve Catalogue"
SN2006jc,54137.94,22.93,0.38,F,R,,,"2008MNRAS.389..113P,Sternberg Astronomical Institute Supernova Light Curve Catalogue"
SN2006jc,54138.95,21.33,0.14,F,I,,,"2008MNRAS.389..113P,Sternberg Astronomical Institute Supernova Light Curve Catalogue"
SN2006jc,54138.95,23.05,0.21,F,R,,,"2008MNRAS.389..113P,Sternberg Astronomical Institute Supernova Light Curve Catalogue"
SN2006jc,54139.208,16.303,0.073,F,H,,PAIRITEL,2014ApJS..213...19B
SN2006jc,54139.208,17.975,0.065,F,J,,PAIRITEL,2014ApJS..213...19B
SN2006jc,54139.208,14.892,0.063,F,Ks,,PAIRITEL,2014ApJS..213...19B
SN2006jc,54139.28,23.59,0.38,F,V,,,"2008MNRAS.389..113P,Sternberg Astronomical Institute Supernova Light Curve Catalogue"
SN2006jc,54139.4813,20.289,,T,UVW1,UVOT,Swift,2014Ap&SS.354...89B
SN2006jc,54139.4826,20.144,,T,U,UVOT,Swift,2014Ap&SS.354...89B
SN2006jc,54139.4833,20.547,,T,B,UVOT,Swift,2014Ap&SS.354...89B
SN2006jc,54139.4844,20.685,0.471,F,UVW2,UVOT,Swift,2014Ap&SS.354...89B
SN2006jc,54139.4869,19.665,,T,V,UVOT,Swift,2014Ap&SS.354...89B
SN2006jc,54139.4876,20.015,,T,UVM2,UVOT,Swift,2014Ap&SS.354...89B
SN2006jc,54140.226,16.149,0.056,F,H,,PAIRITEL,2014ApJS..213...19B
SN2006jc,54140.226,18.379,0.104,F,J,,PAIRITEL,2014ApJS..213...19B
SN2006jc,54140.226,14.947,0.036,F,Ks,,PAIRITEL,2014ApJS..213...19B
SN2006jc,54141.349,16.315,0.060,F,H,,PAIRITEL,2014ApJS..213...19B
SN2006jc,54141.349,18.250,0.092,F,J,,PAIRITEL,2014ApJS..213...19B
SN2006jc,54141.349,14.899,0.030,F,Ks,,PAIRITEL,2014ApJS..213...19B
SN2006jc,54142.88,21.64,0.28,F,I,,,"2008MNRAS.389..113P,Sternberg Astronomical Institute Supernova Light Curve Catalogue"
SN2006jc,54142.88,23.46,0.41,F,R,,,"2008MNRAS.389..113P,Sternberg Astronomical Institute Supernova Light Curve Catalogue"
SN2006jc,54144.2594,20.460,,T,UVW1,UVOT,Swift,2014Ap&SS.354...89B
SN2006jc,54144.2603,20.304,,T,U,UVOT,Swift,2014Ap&SS.354...89B
SN2006jc,54144.2610,20.695,,T,B,UVOT,Swift,2014Ap&SS.354...89B
SN2006jc,54144.2633,20.844,,T,UVW2,UVOT,Swift,2014Ap&SS.354...89B
SN2006jc,54144.2645,19.843,,T,V,UVOT,Swift,2014Ap&SS.354...89B
SN2006jc,54144.2661,20.291,,T,UVM2,UVOT,Swift,2014Ap&SS.354...89B
SN2006jc,54146.7343,20.496,,T,UVW1,UVOT,Swift,2014Ap&SS.354...89B
SN2006jc,54146.7355,20.335,,T,U,UVOT,Swift,2014Ap&SS.354...89B
SN2006jc,54146.7362,20.725,,T,B,UVOT,Swift,2014Ap&SS.354...89B
SN2006jc,54146.7372,20.873,,T,UVW2,UVOT,Swift,2014Ap&SS.354...89B
SN2006jc,54146.7395,19.874,,T,V,UVOT,Swift,2014Ap&SS.354...89B
SN2006jc,54146.7402,20.306,,T,UVM2,UVOT,Swift,2014Ap&SS.354...89B
SN2006jc,54147.248,16.259,0.038,F,H,,PAIRITEL,2014ApJS..213...19B
SN2006jc,54147.248,18.397,0.131,F,J,,PAIRITEL,2014ApJS..213...19B
SN2006jc,54147.248,14.938,0.035,F,Ks,,PAIRITEL,2014ApJS..213...19B
SN2006jc,54148.182,16.401,0.073,F,H,,PAIRITEL,2014ApJS..213...19B
SN2006jc,54148.182,18.197,0.120,F,J,,PAIRITEL,2014ApJS..213...19B
SN2006jc,54148.182,15.015,0.054,F,Ks,,PAIRITEL,2014ApJS..213...19B
SN2006jc,54149.164,16.646,0.056,F,H,,PAIRITEL,2014ApJS..213...19B
SN2006jc,54149.164,18.445,0.130,F,J,,PAIRITEL,2014ApJS..213...19B
SN2006jc,54149.164,14.946,0.175,F,Ks,,PAIRITEL,2014ApJS..213...19B
SN2006jc,54149.7107,20.485,,T,UVW1,UVOT,Swift,2014Ap&SS.354...89B
SN2006jc,54149.7131,20.326,,T,U,UVOT,Swift,2014Ap&SS.354...89B
SN2006jc,54149.7147,20.719,,T,B,UVOT,Swift,2014Ap&SS.354...89B
SN2006jc,54149.7188,20.701,0.439,F,UVW2,UVOT,Swift,2014Ap&SS.354...89B
SN2006jc,54149.7227,19.865,,T,V,UVOT,Swift,2014Ap&SS.354...89B
SN2006jc,54149.7257,20.316,,T,UVM2,UVOT,Swift,2014Ap&SS.354...89B
SN2006jc,54152.158,16.529,0.071,F,H,,PAIRITEL,2014ApJS..213...19B
SN2006jc,54152.158,18.167,0.110,F,J,,PAIRITEL,2014ApJS..213...19B
SN2006jc,54152.158,14.976,0.043,F,Ks,,PAIRITEL,2014ApJS..213...19B
SN2006jc,54153.200,16.639,0.073,F,H,,PAIRITEL,2014ApJS..213...19B
SN2006jc,54153.200,18.505,0.206,F,J,,PAIRITEL,2014ApJS..213...19B
SN2006jc,54153.200,15.157,0.038,F,Ks,,PAIRITEL,2014ApJS..213...19B
SN2006jc,54153.7016,20.459,,T,UVW1,UVOT,Swift,2014Ap&SS.354...89B
SN2006jc,54153.7031,20.308,,T,U,UVOT,Swift,2014Ap&SS.354...89B
SN2006jc,54153.7039,20.694,,T,B,UVOT,Swift,2014Ap&SS.354...89B
SN2006jc,54153.7050,20.396,0.358,F,UVW2,UVOT,Swift,2014Ap&SS.354...89B
SN2006jc,54153.7078,19.787,,T,V,UVOT,Swift,2014Ap&SS.354...89B
SN2006jc,54153.7087,20.226,,T,UVM2,UVOT,Swift,2014Ap&SS.354...89B
SN2006jc,54154.187,18.424,0.179,F,J,,PAIRITEL,2014ApJS..213...19B
SN2006jc,54154.187,15.356,0.045,F,Ks,,PAIRITEL,2014ApJS..213...19B
SN2006jc,54156.180,16.697,0.084,F,H,,PAIRITEL,2014ApJS..213...19B
SN2006jc,54156.180,18.595,0.213,F,J,,PAIRITEL,2014ApJS..213...19B
SN2006jc,54156.180,15.286,0.041,F,Ks,,PAIRITEL,2014ApJS..213...19B
SN2006jc,54157.177,16.613,0.066,F,H,,PAIRITEL,2014ApJS..213...19B
SN2006jc,54157.177,18.705,0.215,F,J,,PAIRITEL,2014ApJS..213...19B
SN2006jc,54157.177,15.279,0.041,F,Ks,,PAIRITEL,2014ApJS..213...19B
SN2006jc,54158.156,16.823,0.087,F,H,,PAIRITEL,2014ApJS..213...19B
SN2006jc,54158.156,18.548,0.156,F,J,,PAIRITEL,2014ApJS..213...19B
SN2006jc,54158.156,15.346,0.049,F,Ks,,PAIRITEL,2014ApJS..213...19B
SN2006jc,54160.202,16.826,0.071,F,H,,PAIRITEL,2014ApJS..213...19B
SN2006jc,54160.202,18.726,0.085,F,J,,PAIRITEL,2014ApJS..213...19B
SN2006jc,54160.202,15.351,0.058,F,Ks,,PAIRITEL,2014ApJS..213...19B
SN2006jc,54161.192,16.940,0.080,F,H,,PAIRITEL,2014ApJS..213...19B
SN2006jc,54161.192,18.452,0.128,F,J,,PAIRITEL,2014ApJS..213...19B
SN2006jc,54161.192,15.287,0.049,F,Ks,,PAIRITEL,2014ApJS..213...19B
SN2006jc,54162.191,16.772,0.093,F,H,,PAIRITEL,2014ApJS..213...19B
SN2006jc,54162.191,18.724,0.205,F,J,,PAIRITEL,2014ApJS..213...19B
SN2006jc,54162.191,15.361,0.042,F,Ks,,PAIRITEL,2014ApJS..213...19B
SN2006jc,54163.0207,20.766,,T,UVW1,UVOT,Swift,2014Ap&SS.354...89B
SN2006jc,54163.189,16.793,0.095,F,H,,PAIRITEL,2014ApJS..213...19B
SN2006jc,54163.189,18.640,0.232,F,J,,PAIRITEL,2014ApJS..213...19B
SN2006jc,54163.189,15.322,0.045,F,Ks,,PAIRITEL,2014ApJS..213...19B
SN2006jc,54165.160,17.011,0.117,F,H,,PAIRITEL,2014ApJS..213...19B
SN2006jc,54165.160,18.853,0.162,F,J,,PAIRITEL,2014ApJS..213...19B
SN2006jc,54165.160,15.533,0.052,F,Ks,,PAIRITEL,2014ApJS..213...19B
SN2006jc,54168.265,17.088,0.117,F,H,,PAIRITEL,2014ApJS..213...19B
SN2006jc,54168.265,18.765,0.153,F,J,,PAIRITEL,2014ApJS..213...19B
SN2006jc,54168.265,15.364,0.042,F,Ks,,PAIRITEL,2014ApJS..213...19B
SN2006jc,54169.119,16.990,0.124,F,H,,PAIRITEL,2014ApJS..213...19B
SN2006jc,54169.119,15.449,0.043,F,Ks,,PAIRITEL,2014ApJS..213...19B
SN2006jc,54170.284,22.080,0.320,F,i',,CfA3_KEP,2014ApJS..213...19B
SN2006jc,54170.290,17.071,0.097,F,H,,PAIRITEL,2014ApJS..213...19B
SN2006jc,54170.290,18.552,0.077,F,J,,PAIRITEL,2014ApJS..213...19B
SN2006jc,54170.290,15.636,0.053,F,Ks,,PAIRITEL,2014ApJS..213...19B
SN2006jc,54170.91,22.96,0.1,F,I,,,"2008MNRAS.389..113P,Sternberg Astronomical Institute Supernova Light Curve Catalogue"
SN2006jc,54170.91,24.05,0.25,F,R,,,"2008MNRAS.389..113P,Sternberg Astronomical Institute Supernova Light Curve Catalogue"
SN2006jc,54170.91,24.27,0.14,F,V,,,"2008MNRAS.389..113P,Sternberg Astronomical Institute Supernova Light Curve Catalogue"
SN2006jc,54171.234,17.260,0.099,F,H,,PAIRITEL,2014ApJS..213...19B
SN2006jc,54171.234,18.966,0.248,F,J,,PAIRITEL,2014ApJS..213...19B
SN2006jc,54171.234,15.523,0.051,F,Ks,,PAIRITEL,2014ApJS..213...19B
SN2006jc,54172.131,17.161,0.133,F,H,,PAIRITEL,2014ApJS..213...19B
SN2006jc,54172.131,15.563,0.066,F,Ks,,PAIRITEL,2014ApJS..213...19B
SN2006jc,54173.121,17.143,0.134,F,H,,PAIRITEL,2014ApJS..213...19B
SN2006jc,54173.121,18.918,0.175,F,J,,PAIRITEL,2014ApJS..213...19B
SN2006jc,54173.121,15.429,0.048,F,Ks,,PAIRITEL,2014ApJS..213...19B
SN2006jc,54174.128,16.994,0.123,F,H,,PAIRITEL,2014ApJS..213...19B
SN2006jc,54174.128,18.926,0.175,F,J,,PAIRITEL,2014ApJS..213...19B
SN2006jc,54174.128,15.618,0.056,F,Ks,,PAIRITEL,2014ApJS..213...19B
SN2006jc,54174.2211,20.725,,T,UVW1,UVOT,Swift,2014Ap&SS.354...89B
SN2006jc,54175.123,17.094,0.128,F,H,,PAIRITEL,2014ApJS..213...19B
SN2006jc,54175.123,18.928,0.292,F,J,,PAIRITEL,2014ApJS..213...19B
SN2006jc,54175.123,15.534,0.091,F,Ks,,PAIRITEL,2014ApJS..213...19B
SN2006jc,54175.8271,20.721,,T,UVW1,UVOT,Swift,2014Ap&SS.354...89B
SN2006jc,54179.5705,20.813,,T,UVW1,UVOT,Swift,2014Ap&SS.354...89B
SN2006jc,54181.07,23.3,0.68,F,I,,,"2008MNRAS.389..113P,Sternberg Astronomical Institute Supernova Light Curve Catalogue"
SN2006jc,54181.07,24.37,0.45,F,R,,,"2008MNRAS.389..113P,Sternberg Astronomical Institute Supernova Light Curve Catalogue"
SN2006jc,54181.5594,21.088,,T,UVW2,UVOT,Swift,2014Ap&SS.354...89B
SN2006jc,54186.2733,20.528,,T,UVM2,UVOT,Swift,2014Ap&SS.354...89B
SN2006jc,54186.5065,20.051,,T,V,UVOT,Swift,2014Ap&SS.354...89B
SN2006jc,54186.5126,20.509,,T,U,UVOT,Swift,2014Ap&SS.354...89B
SN2006jc,54186.5184,20.872,,T,B,UVOT,Swift,2014Ap&SS.354...89B
SN2006jc,54227,14.36,0.10,F,I1,IRAC,Spitzer,2008MNRAS.389..141M
SN2006jc,54227,13.59,0.10,F,I2,IRAC,Spitzer,2008MNRAS.389..141M
SN2006jc,54429,16.62,0.24,F,I1,IRAC,Spitzer,2008MNRAS.389..141M
SN2006jc,54429,15.59,0.17,F,I2,IRAC,Spitzer,2008MNRAS.389..141M
